label,accuracy,f1,precision,recall,auc,threshold
federated model,0.8747927031509121,0.5428859737638748,0.45826235093696766,0.6658415841584159,0.9060588113882951,0.6500000000000001
centralized baseline,0.8846047540077391,0.5556146886641831,0.48739495798319327,0.6460396039603961,0.9064877824123421,0.7000000000000002
